{"assets/images/1.jpg":["assets/images/1.jpg"],"assets/images/2.jpg":["assets/images/2.jpg"],"assets/images/3.jpg":["assets/images/3.jpg"],"assets/images/bath_room.jpg":["assets/images/bath_room.jpg"],"assets/images/bed_room.jpg":["assets/images/bed_room.jpg"],"assets/images/house_01.jpg":["assets/images/house_01.jpg"],"assets/images/house_02.jpg":["assets/images/house_02.jpg"],"assets/images/house_03.jpg":["assets/images/house_03.jpg"],"assets/images/house_04.jpg":["assets/images/house_04.jpg"],"assets/images/house_05.jpg":["assets/images/house_05.jpg"],"assets/images/house_06.jpg":["assets/images/house_06.jpg"],"assets/images/house_07.jpg":["assets/images/house_07.jpg"],"assets/images/house_08.jpg":["assets/images/house_08.jpg"],"assets/images/kitchen.jpg":["assets/images/kitchen.jpg"],"assets/images/living_room.jpg":["assets/images/living_room.jpg"],"assets/images/owner.jpg":["assets/images/owner.jpg"],"assets/images/swimming_pool.jpg":["assets/images/swimming_pool.jpg"],"packages/cupertino_icons/assets/CupertinoIcons.ttf":["packages/cupertino_icons/assets/CupertinoIcons.ttf"]}